Workbook

Sheet Analysis
A3: Row Labels | B3: Count of magType
A4: mb | B4: 4
A5: md | B5: 2
A6: Mi | B6: 5
A7: ml | B7: 1
A8: ms | B8: 3
A9: mw | B9: 51
A10: mwb | B10: 100
A11: mwc | B11: 332
A12: mww | B12: 502
A13: Grand Total | B13: 1000

Sheet Alert
A3: Row Labels | B3: Count of title
A4: green | B4: 353
A5: orange | B5: 24
A6: red | B6: 13
A7: yellow | B7: 59
A8: (blank) | B8: 551
A9: Grand Total | B9: 1000

Sheet Magtype
A3: Row Labels | B3: Count of magType_lower
A4: mb | B4: 4
A5: md | B5: 2
A6: mi | B6: 5
A7: ml | B7: 1
A8: ms | B8: 3
A9: mw | B9: 51
A10: mwb | B10: 100
A11: mwc | B11: 332
A12: mww | B12: 502
A13: Grand Total | B13: 1000

Sheet Earthquake Events by year
A1: Earthquake Events by Year
A2: Year | B2: Count of title
A3: 1995 | B3: 29
A4: 1996 | B4: 35
A5: 1997 | B5: 28
A6: 1998 | B6: 23
A7: 1999 | B7: 33
A8: 2000 | B8: 35
A9: 2001 | B9: 28
A10: 2002 | B10: 25
A11: 2003 | B11: 31
A12: 2004 | B12: 32
A13: 2005 | B13: 28
A14: 2006 | B14: 26
... A31: 2023 | B31: 34
A32: Grand Total | B32: 1000

Sheet earthquake_1995-2023
A1: title | B1: magnitude | C1: date_time | D1: cdi | E1: mmi | F1: alert | G1: tsunami | H1: sig | I1: net | J1: nst | K1: dmin | L1: gap | M1: magType | N1: depth | O1: latitude | P1: longitude | Q1: location | R1: continent | S1: country | T1: Column1 | U1: title_pattern | V1: magType_lower | W1: duplicate_flag | X1: Year
A2: M 6.5 - 42 km W of Sola, Vanuatu | B2: 6.5 | C2: 45154.533 | D2: 7 | E2: 4 | F2: green | G2: 0 | H2: 657 | I2: us | J2: 114 | K2: 7.177 | L2: 25 | M2: mww | N2: 192.955 | O2: -13.8814 | P2: 167.158 | Q2: Sola, Vanuatu | S2: Vanuatu | U2: =IF(ISNUMBER(SEARCH("km",A2)),"N km direction of city","Named-region") -> N km direction of city | V2: =LOWER(M2) -> mww | W2: =COUNTIFS($A$2:$A$1001,A2,$C$2:$C$1001,C2)>1 -> FALSE | X2: =YEAR(C2) -> 2023
A3: M 6.5 - 43 km S of IntipucÃ¡, El Salvador | B3: 6.5 | C3: 45126.015 | D3: 8 | E3: 6 | F3: yellow | G3: 0 | H3: 775 | I3: us | J3: 92 | K3: 0.679 | L3: 40 | M3: mww | N3: 69.727 | O3: 12.814 | P3: -88.1265 | Q3: IntipucÃ¡, El Salvador | U3: =IF(ISNUMBER(SEARCH("km",A3)),"N km direction of city","Named-region") -> N km direction of city | V3: =LOWER(M3) -> mww | X3: =YEAR(C3) -> 2023
A4: M 6.6 - 25 km ESE of LoncopuÃ©, Argentina | B4: 6.6 | C4: 45124.128 | D4: 7 | E4: 5 | F4: green | G4: 0 | H4: 899 | I4: us | J4: 70 | K4: 1.634 | L4: 28 | M4: mww | N4: 171.371 | O4: -38.1911 | P4: -70.3731 | Q4: LoncopuÃ©, Argentina | R4: South America | S4: Argentina | U4: =IF(ISNUMBER(SEARCH("km",A4)),"N km direction of city","Named-region") -> N km direction of city | V4: =LOWER(M4) -> mww | X4: =YEAR(C4) -> 2023
A5: M 7.2 - 98 km S of Sand Point, Alaska | B5: 7.2 | C5: 45123.283 | D5: 6 | E5: 6 | F5: green | G5: 1 | H5: 860 | I5: us | J5: 173 | K5: 0.907 | L5: 36 | M5: mww | N5: 32.571 | O5: 54.3844 | P5: -160.699 | Q5: Sand Point, Alaska | U5: =IF(ISNUMBER(SEARCH("km",A5)),"N km direction of city","Named-region") -> N km direction of city | V5: =LOWER(M5) -> mww | X5: =YEAR(C5) -> 2023
A6: M 7.3 - Alaska Peninsula | B6: 7.3 | C6: 45123.283 | D6: 0 | E6: 5 | G6: 1 | H6: 820 | I6: at | J6: 79 | K6: 0.879451 | L6: 172.8 | M6: Mi | N6: 21 | O6: 54.49 | P6: -160.796 | Q6: Alaska Peninsula | U6: =IF(ISNUMBER(SEARCH("km",A6)),"N km direction of city","Named-region") -> Named-region | V6: =LOWER(M6) -> mi | X6: =YEAR(C6) -> 2023
A7: M 6.6 - 277 km NNE of Codrington, Antigua and Barbuda | B7: 6.6 | C7: 45117.853 | D7: 5 | E7: 4 | F7: green | G7: 1 | H7: 802 | I7: us | J7: 95 | K7: 2.454 | L7: 37 | M7: mww | N7: 10 | O7: 20.0196 | P7: -61.0955 | Q7: Codrington, Antigua and Barbuda | U7: =IF(ISNUMBER(SEARCH("km",A7)),"N km direction of city","Named-region") -> N km direction of city | V7: =LOWER(M7) -> mww | X7: =YEAR(C7) -> 2023
A8: M 6.9 - Tonga | B8: 6.9 | C8: 45109.435 | D8: 4 | E8: 4 | F8: green | G8: 1 | H8: 741 | I8: us | J8: 136 | K8: 1.179 | L8: 23 | M8: mww | N8: 229 | O8: -17.853 | P8: -174.937 | Q8: Tonga | U8: =IF(ISNUMBER(SEARCH("km",A8)),"N km direction of city","Named-region") -> Named-region | V8: =LOWER(M8) -> mww | X8: =YEAR(C8) -> 2023
A9: M 7.2 - south of the Fiji Islands | B9: 7.2 | C9: 45092.754 | D9: 8 | E9: 6 | F9: green | G9: 1 | H9: 804 | I9: us | J9: 85 | K9: 2.59 | L9: 24 | M9: mww | N9: 167.404 | O9: -22.9824 | P9: -177.208 | Q9: the Fiji Islands | U9: =IF(ISNUMBER(SEARCH("km",A9)),"N km direction of city","Named-region") -> Named-region | V9: =LOWER(M9) -> mww | X9: =YEAR(C9) -> 2023
A10: M 6.6 - Panama-Colombia border region | B10: 6.6 | C10: 45071.128 | D10: 6 | E10: 6 | F10: green | G10: 1 | H10: 733 | I10: us | J10: 50 | K10: 2.163 | L10: 129 | M10: mww | N10: 10 | O10: 8.8894 | P10: -77.1231 | Q10: Panama-Colombia border region | S10: Colombia | U10: =IF(ISNUMBER(SEARCH("km",A10)),"N km direction of city","Named-region") -> Named-region | V10: =LOWER(M10) -> mww | X10: =YEAR(C10) -> 2023
A11: M 7.1 - southeast of the Loyalty Islands | B11: 7.1 | C11: 45066.077 | D11: 3 | E11: 4 | F11: green | G11: 1 | H11: 777 | I11: us | J11: 98 | K11: 2.812 | L11: 56 | M11: mww | N11: 35.981 | O11: -23.0622 | P11: 170.456 | Q11: the Loyalty Islands | U11: =IF(ISNUMBER(SEARCH("km",A11)),"N km direction of city","Named-region") -> Named-region | V11: =LOWER(M11) -> mww | X11: =YEAR(C11) -> 2023
A12: M 7.7 - southeast of the Loyalty Islands | B12: 7.7 | C12: 45065.123 | D12: 5 | E12: 4 | F12: green | G12: 1 | H12: 927 | I12: us | J12: 277 | K12: 3.111 | L12: 15 | M12: mww | N12: 18.027 | O12: -23.2286 | P12: 170.694 | Q12: the Loyalty Islands | U12: =IF(ISNUMBER(SEARCH("km",A12)),"N km direction of city","Named-region") -> Named-region | V12: =LOWER(M12) -> mww | X12: =YEAR(C12) -> 2023
A13: M 7.6 - 95 km WNW of Hihifo, Tonga | B13: 7.6 | C13: 45056.668 | D13: 8 | E13: 6 | F13: green | G13: 1 | H13: 907 | I13: us | J13: 111 | K13: 3.631 | L13: 17 | M13: mww | N13: 210.097 | O13: -15.6002 | P13: -174.608 | Q13: Hihifo, Tonga | U13: =IF(ISNUMBER(SEARCH("km",A13)),"N km direction of city","Named-region") -> N km direction of city | V13: =LOWER(M13) -> mww | X13: =YEAR(C13) -> 2023
A14: M 6.6 - south of the Fiji Islands | B14: 6.6 | C14: 45044.134 | D14: 0 | E14: 2 | F14: green | G14: 0 | H14: 670 | I14: us | J14: 52 | K14: 5.123 | L14: 50 | M14: mww | N14: 598.467 | O14: -25.2657 | P14: 178.424 | Q14: the Fiji Islands | U14: =IF(ISNUMBER(SEARCH("km",A14)),"N km direction of city","Named-region") -> Named-region | V14: =LOWER(M14) -> mww | X14: =YEAR(C14) -> 2023
A15: M 7.1 - 170 km SSE of Teluk Dalam, Indonesia | B15: 7.1 | C15: 45040.833 | D15: 9 | E15: 7 | F15: green | G15: 0 | H15: 838 | I15: us | J15: 70 | K15: 2.282 | L15: 58 | M15: mww | N15: 15.462 | O15: -0.781 | P15: 98.5339 | Q15: Teluk Dalam, Indonesia | S15: Indonesia | U15: =IF(ISNUMBER(SEARCH("km",A15)),"N km direction of city","Named-region") -> N km direction of city | V15: =LOWER(M15) -> mww | X15: =YEAR(C15) -> 2023
A16: M 7.1 - Kermadec Islands, New Zealand | B16: 7.1 | C16: 45040.028 | D16: 8 | E16: 7 | F16: green | G16: 1 | H16: 777 | I16: us | J16: 126 | K16: 0.708 | L16: 23 | M16: mww | N16: 43.063 | O16: -30.0249 | P16: -177.897 | Q16: Kermadec Islands, New Zealand | U16: =IF(ISNUMBER(SEARCH("km",A16)),"N km direction of city","Named-region") -> Named-region | V16: =LOWER(M16) -> mww | X16: =YEAR(C16) -> 2023
A17: M 6.7 - south of the Fiji Islands | B17: 6.7 | C17: 45034.188 | D17: 0 | E17: 3 | F17: green | G17: 1 | H17: 691 | I17: us | J17: 166 | K17: 4.719 | L17: 10 | M17: mww | N17: 595.854 | O17: -22.2844 | P17: 179.391 | Q17: the Fiji Islands | U17: =IF(ISNUMBER(SEARCH("km",A17)),"N km direction of city","Named-region") -> Named-region | V17: =LOWER(M17) -> mww | X17: =YEAR(C17) -> 2023
A18: M 7.0 - 96 km N of Tuban, Indonesia | B18: 7 | C18: 45030.413 | D18: 5 | E18: 3 | F18: green | G18: 0 | H18: 818 | I18: us | J18: 131 | K18: 1.881 | L18: 31 | M18: mww | N18: 594.028 | O18: -6.0255 | P18: 112.033 | Q18: Tuban, Indonesia | S18: Indonesia | U18: =IF(ISNUMBER(SEARCH("km",A18)),"N km direction of city","Named-region") -> N km direction of city | V18: =LOWER(M18) -> mww | X18: =YEAR(C18) -> 2023
A19: M 6.5 - near the east coast of the Kamchatka Peninsula, Russia | B19: 6.5 | C19: 45019.129 | D19: 7 | E19: 6 | F19: yellow | G19: 1 | H19: 655 | I19: us | J19: 104 | K19: 0.266 | L19: 30 | M19: mww | N19: 105.631 | O19: 52.7772 | P19: 158.484 | Q19: the Kamchatka Peninsula, Russia | R19: Asia | S19: Russian Federation (the) | U19: =IF(ISNUMBER(SEARCH("km",A19)),"N km direction of city","Named-region") -> Named-region | V19: =LOWER(M19) -> mww | X19: =YEAR(C19) -> 2023
A20: M 7.0 - New Guinea, Papua New Guinea | B20: 7 | C20: 45018.753 | D20: 7 | E20: 7 | F20: green | G20: 1 | H20: 781 | I20: us | J20: 105 | K20: 6.45 | L20: 31 | M20: mww | N20: 62.603 | O20: -4.2924 | P20: 143.155 | Q20: New Guinea, Papua New Guinea | R20: Asia | S20: Papua New Guinea | U20: =IF(ISNUMBER(SEARCH("km",A20)),"N km direction of city","Named-region") -> Named-region | V20: =LOWER(M20) -> mww | X20: =YEAR(C20) -> 2023
A21: M 6.5 - 84 km NNW of San Antonio de los Cobres, Argentina | B21: 6.5 | C21: 45007.667 | D21: 4 | E21: 4 | F21: green | G21: 0 | H21: 656 | I21: us | J21: 97 | K21: 1.622 | L21: 33 | M21: mww | N21: 209.976 | O21: -23.4797 | P21: -66.5108 | Q21: San Antonio de los Cobres, Argentina | R21: South America | S21: Argentina | U21: =IF(ISNUMBER(SEARCH("km",A21)),"N km direction of city","Named-region") -> N km direction of city | V21: =LOWER(M21) -> mww | X21: =YEAR(C21) -> 2023
A22: M 6.5 - 40 km SSE of Jurm, Afghanistan | B22: 6.5 | C22: 45006.699 | D22: 7 | E22: 5 | F22: green | G22: 0 | H22: 1350 | I22: us | J22: 134 | K22: 2.53 | L22: 13 | M22: mww | N22: 187.589 | O22: 36.5227 | P22: 70.9787 | Q22: Jurm, Afghanistan | R22: Asia | S22: Afghanistan | U22: =IF(ISNUMBER(SEARCH("km",A22)),"N km direction of city","Named-region") -> N km direction of city | V22: =LOWER(M22) -> mww | X22: =YEAR(C22) -> 2023
A23: M 6.8 - near the coast of Ecuador | B23: 6.8 | C23: 45003.717 | D23: 9 | E23: 7 | F23: orange | G23: 1 | H23: 1159 | I23: us | J23: 152 | K23: 0.709 | L23: 28 | M23: mww | N23: 65.842 | O23: -2.851 | P23: -79.8001 | Q23: Ecuador | R23: South America | S23: Ecuador | U23: =IF(ISNUMBER(SEARCH("km",A23)),"N km direction of city","Named-region") -> Named-region | V23: =LOWER(M23) -> mww | X23: =YEAR(C23) -> 2023
A24: M 7.0 - Kermadec Islands region | B24: 7 | C24: 45001.039 | D24: 8 | E24: 5 | F24: green | G24: 1 | H24: 756 | I24: us | J24: 116 | K24: 1.789 | L24: 22 | M24: mww | N24: 22.065 | O24: -30.1147 | P24: -176.112 | Q24: Kermadec Islands region | U24: =IF(ISNUMBER(SEARCH("km",A24)),"N km direction of city","Named-region") -> Named-region | V24: =LOWER(M24) -> mww | X24: =YEAR(C24) -> 2023
A25: M 6.9 - Kermadec Islands, New Zealand | B25: 6.9 | C25: 44989.278 | D25: 5 | E25: 5 | F25: green | G25: 1 | H25: 735 | I25: us | J25: 108 | K25: 0.784 | L25: 18 | M25: mww | N25: 205.681 | O25: -29.4748 | P25: -178.787 | Q25: Kermadec Islands, New Zealand | U25: =IF(ISNUMBER(SEARCH("km",A25)),"N km direction of city","Named-region") -> Named-region | V25: =LOWER(M25) -> mww | X25: =YEAR(C25) -> 2023
A26: M 6.5 - 86 km WSW of Port-Olry, Vanuatu | B26: 6.5 | C26: 44987.753 | D26: 7 | E26: 6 | F26: green | G26: 1 | H26: 653 | I26: us | J26: 66 | K26: 5.483 | L26: 45 | M26: mww | N26: 10 | O26: -15.3597 | P26: 166.385 | Q26: Port-Olry, Vanuatu | U26: =IF(ISNUMBER(SEARCH("km",A26)),"N km direction of city","Named-region") -> N km direction of city | V26: =LOWER(M26) -> mww | X26: =YEAR(C26) -> 2023
A27: M 6.5 - 108 km NW of Kimbe, Papua New Guinea | B27: 6.5 | C27: 44986.233 | D27: 4 | E27: 2 | F27: green | G27: 1 | H27: 652 | I27: us | J27: 115 | K27: 2.739 | L27: 20 | M27: mww | N27: 598.925 | O27: -4.8138 | P27: 149.487 | Q27: Kimbe, Papua New Guinea | S27: Papua New Guinea | U27: =IF(ISNUMBER(SEARCH("km",A27)),"N km direction of city","Named-region") -> N km direction of city | V27: =LOWER(M27) -> mww | X27: =YEAR(C27) -> 2023
A28: M 6.8 - 67 km W of Murghob, Tajikistan | B28: 6.8 | C28: 44980.026 | D28: 9 | E28: 7 | F28: green | G28: 0 | H28: 737 | I28: us | J28: 128 | K28: 1.783 | L28: 20 | M28: mww | N28: 20.522 | O28: 38.0726 | P28: 73.2077 | Q28: Murghob, Tajikistan | R28: Asia | S28: Tajikistan | U28: =IF(ISNUMBER(SEARCH("km",A28)),"N km direction of city","Named-region") -> N km direction of city | V28: =LOWER(M28) -> mww | X28: =YEAR(C28) -> 2023
A29: M 7.5 - 4 km SSE of EkinÃ¶zÃ¼, Turkey | B29: 7.5 | C29: 44963.433 | D29: 9 | E29: 9 | F29: orange | G29: 0 | H29: 1411 | I29: us | J29: 135 | K29: 0.85 | L29: 17 | M29: mww | N29: 10 | O29: 38.0235 | P29: 37.203 | Q29: EkinÃ¶zÃ¼, Turkey | R29: Asia | S29: Turkiye | U29: =IF(ISNUMBER(SEARCH("km",A29)),"N km direction of city","Named-region") -> N km direction of city | V29: =LOWER(M29) -> mww | X29: =YEAR(C29) -> 2023
A30: M 6.7 - 18 km ESE of NurdaÄŸÄ±, Turkey | B30: 6.7 | C30: 44963.061 | D30: 9 | E30: 8 | F30: yellow | G30: 0 | H30: 800 | I30: us | J30: 108 | K30: 0.218 | L30: 44 | M30: mww | N30: 14.497 | O30: 37.4135 | P30: 36.8306 | Q30: NurdaÄŸÄ±, Turkey | R30: Asia | S30: Turkiye | U30: =IF(ISNUMBER(SEARCH("km",A30)),"N km direction of city","Named-region") -> N km direction of city | V30: =LOWER(M30) -> mww | X30: =YEAR(C30) -> 2023
A31: M 7.8 - Central Turkey | B31: 7.8 | C31: 44963.053 | D31: 9 | E31: 9 | F31: red | G31: 0 | H31: 2910 | I31: us | J31: 118 | K31: 1.919 | L31: 32 | M31: mww | N31: 17.925 | O31: 37.2012 | P31: 36.9997 | Q31: Central Turkey | R31: Asia | S31: Turkiye | U31: =IF(ISNUMBER(SEARCH("km",A31)),"N km direction of city","Named-region") -> Named-region | V31: =LOWER(M31) -> mww | X31: =YEAR(C31) -> 2023
A32: M 6.8 - | B32: 6.8 | C32: 44946.923 | D32: 4 | E32: 3 | F32: green | G32: 0 | H32: 718 | I32: us | J32: 60 | K32: 5.129 | L32: 61 | M32: mww | N32: 610.671 | O32: -26.7209 | P32: -63.0394 | R32: South America | S32: Argentina | U32: =IF(ISNUMBER(SEARCH("km",A32)),"N km direction of city","Named-region") -> Named-region | V32: =LOWER(M32) -> mww | X32: =YEAR(C32) -> 2023
A33: M 7.0 - 153 km NW of Tobelo, Indonesia | B33: 7 | C33: 44944.254 | D33: 3 | E33: 5 | F33: green | G33: 1 | H33: 756 | I33: us | J33: 130 | K33: 1.974 | L33: 17 | M33: mwc | N33: 28.566 | O33: 2.7401 | P33: 127.051 | Q33: Tobelo, Indonesia | S33: Indonesia | U33: =IF(ISNUMBER(SEARCH("km",A33)),"N km direction of city","Named-region") -> N km direction of city | V33: =LOWER(M33) -> mwc | X33: =YEAR(C33) -> 2023
A34: M 7.6 - Pulau Pulau Tanimbar, Indonesia | B34: 7.6 | C34: 44935.741 | D34: 5 | E34: 7 | F34: green | G34: 0 | H34: 957 | I34: us | J34: 114 | K34: 1.575 | L34: 21 | M34: mww | N34: 105.249 | O34: -7.0852 | P34: 130.039 | Q34: Pulau Pulau Tanimbar, Indonesia | S34: Indonesia | U34: =IF(ISNUMBER(SEARCH("km",A34)),"N km direction of city","Named-region") -> Named-region | V34: =LOWER(M34) -> mww | X34: =YEAR(C34) -> 2023
A35: M 7.0 - Vanuatu | B35: 7 | C35: 44934.522 | D35: 8 | E35: 7 | F35: green | G35: 1 | H35: 768 | I35: us | J35: 116 | K35: 6.096 | L35: 36 | M35: mww | N35: 29 | O35: -14.9383 | P35: 166.878 | Q35: Vanuatu | S35: Vanuatu | U35: =IF(ISNUMBER(SEARCH("km",A35)),"N km direction of city","Named-region") -> Named-region | V35: =LOWER(M35) -> mww | X35: =YEAR(C35) -> 2023
A36: M 6.8 - 109 km NE of Hihifo, Tonga | B36: 6.8 | C36: 44899.808 | D36: 5 | E36: 5 | F36: green | G36: 1 | H36: 720 | I36: us | J36: 152 | K36: 2.587 | L36: 26 | M36: mww | N36: 38 | O36: -15.3983 | P36: -172.968 | Q36: Hihifo, Tonga | U36: =IF(ISNUMBER(SEARCH("km",A36)),"N km direction of city","Named-region") -> N km direction of city | V36: =LOWER(M36) -> mww | X36: =YEAR(C36) -> 2022
A37: M 7.0 - 18 km SW of Malango, Solomon Islands | B37: 7 | C37: 44887.085 | D37: 8 | E37: 7 | F37: green | G37: 1 | H37: 768 | I37: us | J37: 117 | K37: 0.509 | L37: 17 | M37: mww | N37: 14 | O37: -9.7963 | P37: 159.596 | Q37: Malango, Solomon Islands | R37: Oceania | S37: Solomon Islands | U37: =IF(ISNUMBER(SEARCH("km",A37)),"N km direction of city","Named-region") -> N km direction of city | V37: =LOWER(M37) -> mww | X37: =YEAR(C37) -> 2022
A38: M 6.9 - 204 km SW of Bengkulu, Indonesia | B38: 6.9 | C38: 44883.567 | D38: 4 | E38: 4 | F38: green | G38: 0 | H38: 735 | I38: us | J38: 99 | K38: 2.229 | L38: 34 | M38: mww | N38: 25 | O38: -4.9559 | P38: 100.738 | Q38: Bengkulu, Indonesia | U38: =IF(ISNUMBER(SEARCH("km",A38)),"N km direction of city","Named-region") -> N km direction of city | V38: =LOWER(M38) -> mww | X38: =YEAR(C38) -> 2022
A39: M 7.0 - | B39: 7 | C39: 44877.298 | D39: 3 | E39: 3 | F39: green | G39: 1 | H39: 755 | I39: us | J39: 147 | K39: 3.125 | L39: 18 | M39: mww | N39: 579 | O39: -20.0508 | P39: -178.346 | R39: Oceania | S39: Fiji | U39: =IF(ISNUMBER(SEARCH("km",A39)),"N km direction of city","Named-region") -> Named-region | V39: =LOWER(M39) -> mww | X39: =YEAR(C39) -> 2022
A40: M 7.3 - 205 km ESE of Neiafu, Tonga | B40: 7.3 | C40: 44876.45 | D40: 5 | E40: 5 | F40: green | G40: 1 | H40: 833 | I40: us | J40: 149 | K40: 1.865 | L40: 21 | M40: mww | N40: 37 | O40: -19.2918 | P40: -172.129 | Q40: Neiafu, Tonga | U40: =IF(ISNUMBER(SEARCH("km",A40)),"N km direction of city","Named-region") -> N km direction of city | V40: =LOWER(M40) -> mww | X40: =YEAR(C40) -> 2022
A41: M 6.6 - | B41: 6.6 | C41: 44874.426 | D41: 0 | E41: 2 | F41: green | G41: 1 | H41: 670 | I41: us | J41: 131 | K41: 4.998 | L41: 27 | M41: mww | N41: 624.464 | O41: -25.5948 | P41: 178.278 | U41: =IF(ISNUMBER(SEARCH("km",A41)),"N km direction of city","Named-region") -> Named-region | V41: =LOWER(M41) -> mww | X41: =YEAR(C41) -> 2022
A42: M 7.0 - south of the Fiji Islands | B42: 7 | C42: 44874.41 | D42: 4 | E42: 3 | F42: green | G42: 1 | H42: 755 | I42: us | J42: 142 | K42: 4.578 | L42: 26 | M42: mwb | N42: 660 | O42: -26.0442 | P42: 178.381 | Q42: the Fiji Islands | U42: =IF(ISNUMBER(SEARCH("km",A42)),"N km direction of city","Named-region") -> Named-region | V42: =LOWER(M42) -> mwb | X42: =YEAR(C42) -> 2022
A43: M 6.8 - south of the Fiji Islands | B43: 6.8 | C43: 44874.401 | D43: 1 | E43: 3 | F43: green | G43: 1 | H43: 711 | I43: us | J43: 136 | K43: 4.678 | L43: 22 | M43: mww | N43: 630.379 | O43: -25.9678 | P43: 178.363 | Q43: the Fiji Islands | U43: =IF(ISNUMBER(SEARCH("km",A43)),"N km direction of city","Named-region") -> Named-region | V43: =LOWER(M43) -> mww | X43: =YEAR(C43) -> 2022
A44: M 6.7 - 60 km SSW of Boca Chica, Panama | B44: 6.7 | C44: 44854.498 | D44: 7 | E44: 6 | F44: green | G44: 1 | H44: 797 | I44: us | J44: 145 | K44: 1.151 | L44: 37 | M44: mww | N44: 20 | O44: 7.6712 | P44: -82.3396 | Q44: Boca Chica, Panama | S44: Panama | U44: =IF(ISNUMBER(SEARCH("km",A44)),"N km direction of city","Named-region") -> N km direction of city | V44: =LOWER(M44) -> mww | X44: =YEAR(C44) -> 2022
A45: M 6.8 - 55 km SSW of Aguililla, Mexico | B45: 6.8 | C45: 44826.261 | D45: 8 | E45: 7 | F45: yellow | G45: 1 | H45: 1179 | I45: us | J45: 175 | K45: 2.137 | L45: 92 | M45: mww | N45: 20 | O45: 18.33 | P45: -102.913 | Q45: Aguililla, Mexico | R45: North America | S45: Mexico | U45: =IF(ISNUMBER(SEARCH("km",A45)),"N km direction of city","Named-region") -> N km direction of city | V45: =LOWER(M45) -> mww | X45: =YEAR(C45) -> 2022
A46: M 7.6 - 35 km SSW of Aguililla, Mexico | B46: 7.6 | C46: 44823.753 | D46: 9 | E46: 8 | F46: yellow | G46: 1 | H46: 1799 | I46: us | J46: 271 | K46: 1.153 | L46: 69 | M46: mww | N46: 26.943 | O46: 18.3667 | P46: -103.252 | Q46: Aguililla, Mexico | R46: North America | S46: Mexico | U46: =IF(ISNUMBER(SEARCH("km",A46)),"N km direction of city","Named-region") -> N km direction of city | V46: =LOWER(M46) -> mww | X46: =YEAR(C46) -> 2022
A47: M 6.9 - 90 km E of Yujing, Taiwan | B47: 6.9 | C47: 44822.281 | D47: 9 | E47: 9 | F47: yellow | G47: 1 | H47: 887 | I47: us | J47: 215 | K47: 0.401 | L47: 34 | M47: mww | N47: 10 | O47: 23.1444 | P47: 121.307 | Q47: Yujing, Taiwan | R47: Asia | S47: Taiwan | U47: =IF(ISNUMBER(SEARCH("km",A47)),"N km direction of city","Named-region") -> N km direction of city | V47: =LOWER(M47) -> mww | X47: =YEAR(C47) -> 2022
A48: M 6.5 - 96 km SE of Lugu, Taiwan | B48: 6.5 | C48: 44821.57 | D48: 7 | E48: 7 | F48: green | G48: 1 | H48: 756 | I48: us | J48: 178 | K48: 0.43 | L48: 54 | M48: mww | N48: 10 | O48: 23.029 | P48: 121.348 | Q48: Lugu, Taiwan | R48: Asia | S48: Taiwan | U48: =IF(ISNUMBER(SEARCH("km",A48)),"N km direction of city","Named-region") -> N km direction of city | V48: =LOWER(M48) -> mww | X48: =YEAR(C48) -> 2022
A49: M 7.0 - 209 km SSE of Isangel, Vanuatu | B49: 7 | C49: 44818.461 | D49: 7 | E49: 5 | F49: green | G49: 1 | H49: 761 | I49: us | J49: 192 | K49: 2.977 | L49: 45 | M49: mww | N49: 137 | O49: -21.2077 | P49: 170.239 | Q49: Isangel, Vanuatu | U49: =IF(ISNUMBER(SEARCH("km",A49)),"N km direction of city","Named-region") -> N km direction of city | V49: =LOWER(M49) -> mww | X49: =YEAR(C49) -> 2022
A50: M 7.6 - 70 km E of Kainantu, Papua New Guinea | B50: 7.6 | C50: 44814.991 | D50: 8 | E50: 8 | F50: yellow | G50: 1 | H50: 965 | I50: us | J50: 272 | K50: 3.158 | L50: 12 | M50: mww | N50: 116 | O50: -6.2237 | P50: 146.471 | Q50: Kainantu, Papua New Guinea | R50: Oceania | S50: Papua New Guinea | U50: =IF(ISNUMBER(SEARCH("km",A50)),"N km direction of city","Named-region") -> N km direction of city | V50: =LOWER(M50) -> mww | X50: =YEAR(C50) -> 2022
A51: M 6.6 - 44 km SE of Kangding, China | B51: 6.6 | C51: 44809.203 | D51: 9 | E51: 8 | F51: orange | G51: 0 | H51: 1043 | I51: us | J51: 141 | K51: 8.454 | L51: 34 | M51: mww | N51: 12 | O51: 29.7263 | P51: 102.279 | Q51: Kangding, China | R51: Asia | S51: People's Republic of China | U51: =IF(ISNUMBER(SEARCH("km",A51)),"N km direction of city","Named-region") -> N km direction of city | V51: =LOWER(M51) -> mww | X51: =YEAR(C51) -> 2022
A52: M 6.6 - south of the Kermadec Islands | B52: 6.6 | C52: 44787.572 | D52: 7 | E52: 6 | F52: green | G52: 1 | H52: 672 | I52: us | J52: 68 | K52: 5.293 | L52: 34 | M52: mww | N52: 30 | O52: -32.6922 | P52: -178.959 | Q52: the Kermadec Islands | U52: =IF(ISNUMBER(SEARCH("km",A52)),"N km direction of city","Named-region") -> Named-region | V52: =LOWER(M52) -> mww | X52: =YEAR(C52) -> 2022
A53: M 7.0 - 11 km NE of Bantay, Philippines | B53: 7 | C53: 44769.03 | D53: 9 | E53: 8 | F53: yellow | G53: 1 | H53: 1351 | I53: us | J53: 152 | K53: 5.276 | L53: 22 | M53: mww | N53: 33.729 | O53: 17.5978 | P53: 120.809 | Q53: Bantay, Philippines | R53: Asia | S53: Philippines | U53: =IF(ISNUMBER(SEARCH("km",A53)),"N km direction of city","Named-region") -> N km direction of city | V53: =LOWER(M53) -> mww | X53: =YEAR(C53) -> 2022
A54: M 6.5 - 107 km SSW of TarauacÃ¡, Brazil | B54: 6.5 | C54: 44720.038 | D54: 3 | E54: 2 | F54: green | G54: 0 | H54: 653 | I54: us | J54: 236 | K54: 1.999 | L54: 31 | M54: mww | N54: 622.73 | O54: -9.0618 | P54: -71.1647 | Q54: TarauacÃ¡, Brazil | R54: South America | S54: Brazil | U54: =IF(ISNUMBER(SEARCH("km",A54)),"N km direction of city","Named-region") -> N km direction of city | V54: =LOWER(M54) -> mww | X54: =YEAR(C54) -> 2022
A55: M 7.2 - 10 km W of AzÃ¡ngaro, Peru | B55: 7.2 | C55: 44707.501 | D55: 7 | E55: 5 | F55: green | G55: 1 | H55: 876 | I55: us | J55: 144 | K55: 2.494 | L55: 40 | M55: mww | N55: 236 | O55: -14.8628 | P55: -70.3081 | Q55: AzÃ¡ngaro, Peru | R55: South America | S55: Peru | U55: =IF(ISNUMBER(SEARCH("km",A55)),"N km direction of city","Named-region") -> N km direction of city | V55: =LOWER(M55) -> mww | X55: =YEAR(C55) -> 2022
A56: M 6.9 - | B56: 6.9 | C56: 44700.426 | D56: 2 | E56: 5 | F56: green | G56: 1 | H56: 733 | I56: us | J56: 127 | K56: 0.371 | L56: 45 | M56: mww | N56: 10 | O56: -54.1325 | P56: 159.027 | U56: =IF(ISNUMBER(SEARCH("km",A56)),"N km direction of city","Named-region") -> Named-region | V56: =LOWER(M56) -> mww | X56: =YEAR(C56) -> 2022
A57: M 6.8 - 86 km NNW of San Antonio de los Cobres, Argentina | B57: 6.8 | C57: 44691.963 | D57: 6 | E57: 5 | F57: green | G57: 1 | H57: 762 | I57: us | J57: 162 | K57: 1.505 | L57: 30 | M57: mww | N57: 220 | O57: -23.6141 | P57: -66.7236 | Q57: San Antonio de los Cobres, Argentina | R57: South America | S57: Argentina | U57: =IF(ISNUMBER(SEARCH("km",A57)),"N km direction of city","Named-region") -> N km direction of city | V57: =LOWER(M57) -> mww | X57: =YEAR(C57) -> 2022
A58: M 6.6 - 55 km WSW of Masachapa, Nicaragua | B58: 6.6 | C58: 44672.321 | D58: 6 | E58: 5 | F58: green | G58: 1 | H58: 762 | I58: us | J58: 0 | K58: 0.914 | L58: 94 | M58: mww | N58: 27 | O58: 11.5538 | P58: -86.9919 | Q58: Masachapa, Nicaragua | U58: =IF(ISNUMBER(SEARCH("km",A58)),"N km direction of city","Named-region") -> N km direction of city | V58: =LOWER(M58) -> mww | X58: =YEAR(C58) -> 2022
A59: M 7.0 - southeast of the Loyalty Islands | B59: 7 | C59: 44651.239 | D59: 6 | E59: 4 | F59: green | G59: 1 | H59: 763 | I59: us | J59: 0 | K59: 2.705 | L59: 26 | M59: mww | N59: 10 | O59: -22.5732 | P59: 170.349 | Q59: the Loyalty Islands | U59: =IF(ISNUMBER(SEARCH("km",A59)),"N km direction of city","Named-region") -> Named-region | V59: =LOWER(M59) -> mww | X59: =YEAR(C59) -> 2022
A60: M 6.9 - 284 km ESE of Tadine, New Caledonia | B60: 6.9 | C60: 44650.872 | D60: 6 | E60: 4 | F60: green | G60: 1 | H60: 738 | I60: us | J60: 0 | K60: 2.697 | L60: 42 | M60: mww | N60: 10 | O60: -22.72 | P60: 170.277 | Q60: Tadine, New Caledonia | U60: =IF(ISNUMBER(SEARCH("km",A60)),"N km direction of city","Named-region") -> N km direction of city | V60: =LOWER(M60) -> mww | X60: =YEAR(C60) -> 2022
A61: M 6.7 - 65 km S of Hualien City, Taiwan | B61: 6.7 | C61: 44642.737 | D61: 8 | E61: 7 | F61: green | G61: 1 | H61: 806 | I61: us | J61: 0 | K61: 0.289 | L61: 32 | M61: mww | N61: 24 | O61: 23.3421 | P61: 121.636 | Q61: Hualien City, Taiwan | R61: Asia | S61: Taiwan | U61: =IF(ISNUMBER(SEARCH("km",A61)),"N km direction of city","Named-region") -> N km direction of city | V61: =LOWER(M61) -> mww | X61: =YEAR(C61) -> 2022
A62: M 7.3 - 57 km ENE of Namie, Japan | B62: 7.3 | C62: 44636.608 | D62: 9 | E62: 8 | F62: red | G62: 1 | H62: 2397 | I62: us | J62: 0 | K62: 2.936 | L62: 29 | M62: mww | N62: 41 | O62: 37.7015 | P62: 141.587 | Q62: Namie, Japan | U62: =IF(ISNUMBER(SEARCH("km",A62)),"N km direction of city","Named-region") -> N km direction of city | V62: =LOWER(M62) -> mww | X62: =YEAR(C62) -> 2022
A63: M 6.7 - 166 km W of Pariaman, Indonesia | B63: 6.7 | C63: 44633.881 | D63: 9 | E63: 6 | F63: green | G63: 0 | H63: 708 | I63: us | J63: 0 | K63: 2.188 | L63: 43 | M63: mww | N63: 28 | O63: -0.6831 | P63: 98.6034 | Q63: Pariaman, Indonesia | R63: Asia | S63: Indonesia | U63: =IF(ISNUMBER(SEARCH("km",A63)),"N km direction of city","Named-region") -> N km direction of city | V63: =LOWER(M63) -> mww | X63: =YEAR(C63) -> 2022
A64: M 6.6 - Kermadec Islands, New Zealand | B64: 6.6 | C64: 44622.536 | D64: 2 | E64: 7 | F64: green | G64: 1 | H64: 670 | I64: us | J64: 0 | K64: 0.827 | L64: 46 | M64: mww | N64: 24 | O64: -30.0528 | P64: -177.74 | Q64: Kermadec Islands, New Zealand | U64: =IF(ISNUMBER(SEARCH("km",A64)),"N km direction of city","Named-region") -> Named-region | V64: =LOWER(M64) -> mww | X64: =YEAR(C64) -> 2022
A65: M 6.8 - south of the Fiji Islands | B65: 6.8 | C65: 44608.848 | D65: 2 | E65: 3 | F65: green | G65: 1 | H65: 712 | I65: us | J65: 0 | K65: 5.78 | L65: 12 | M65: mww | N65: 535 | O65: -23.7852 | P65: -179.968 | Q65: the Fiji Islands | U65: =IF(ISNUMBER(SEARCH("km",A65)),"N km direction of city","Named-region") -> Named-region | V65: =LOWER(M65) -> mww | X65: =YEAR(C65) -> 2022
A66: M 6.5 - 49 km NW of Barranca, Peru | B66: 6.5 | C66: 44595.665 | D66: 8 | E66: 6 | F66: green | G66: 0 | H66: 690 | I66: us | J66: 0 | K66: 3.026 | L66: 22 | M66: mww | N66: 110 | O66: -4.455 | P66: -76.9395 | Q66: Barranca, Peru | R66: South America | S66: Peru | U66: =IF(ISNUMBER(SEARCH("km",A66)),"N km direction of city","Named-region") -> N km direction of city | V66: =LOWER(M66) -> mww | X66: =YEAR(C66) -> 2022
A67: M 6.5 - Kermadec Islands region | B67: 6.5 | C67: 44590.115 | D67: 7 | E67: 4 | F67: green | G67: 1 | H67: 651 | I67: us | J67: 0 | K67: 1.088 | L67: 57 | M67: mww | N67: 8 | O67: -29.535 | P67: -176.729 | Q67: Kermadec Islands region | U67: =IF(ISNUMBER(SEARCH("km",A67)),"N km direction of city","Named-region") -> Named-region | V67: =LOWER(M67) -> mww | X67: =YEAR(C67) -> 2022
A68: M 6.6 - 80 km SW of Labuan, Indonesia | B68: 6.6 | C68: 44575.378 | D68: 8 | E68: 6 | F68: green | G68: 0 | H68: 785 | I68: us | J68: 0 | K68: 2.418 | L68: 22 | M68: mww | N68: 33 | O68: -6.9291 | P68: 105.251 | Q68: Labuan, Indonesia | S68: Indonesia | U68: =IF(ISNUMBER(SEARCH("km",A68)),"N km direction of city","Named-region") -> N km direction of city | V68: =LOWER(M68) -> mww | X68: =YEAR(C68) -> 2022
A69: M 6.5 - 71 km SE of Nikolski, Alaska | B69: 6.5 | C69: 44572.527 | D69: 0 | E69: 3 | G69: 1 | H69: 650 | I69: at | J69: 97 | K69: 1.61607 | L69: 108 | M69: Mi | N69: 37 | O69: 52.502 | P69: -168.08 | Q69: Nikolski, Alaska | U69: =IF(ISNUMBER(SEARCH("km",A69)),"N km direction of city","Named-region") -> N km direction of city | V69: =LOWER(M69) -> mi | X69: =YEAR(C69) -> 2022
A70: M 6.5 - 71 km SE of Nikolski, Alaska | B70: 6.5 | C70: 44572.527 | D70: 0 | E70: 3 | G70: 1 | H70: 650 | I70: pt | J70: 23 | K70: 0 | L70: 208.8 | M70: Mi | N70: 37 | O70: 52.502 | P70: -168.08 | Q70: Nikolski, Alaska | U70: =IF(ISNUMBER(SEARCH("km",A70)),"N km direction of city","Named-region") -> N km direction of city | V70: =LOWER(M70) -> mi | X70: =YEAR(C70) -> 2022
A71: M 6.6 - 53 km SE of Nikolski, Alaska | B71: 6.6 | C71: 44572.527 | D71: 8 | E71: 5 | F71: green | G71: 1 | H71: 674 | I71: us | J71: 0 | K71: 0.507 | L71: 49 | M71: mww | N71: 19 | O71: 52.6252 | P71: -168.15 | Q71: Nikolski, Alaska | U71: =IF(ISNUMBER(SEARCH("km",A71)),"N km direction of city","Named-region") -> N km direction of city | V71: =LOWER(M71) -> mww | X71: =YEAR(C71) -> 2022
A72: M 6.7 - 91 km SE of Nikolski, Alaska | B72: 6.7 | C72: 44572.483 | D72: 0 | E72: 4 | G72: 1 | H72: 691 | I72: at | J72: 50 | K72: 0.936943 | L72: 126 | M72: Mi | N72: 33 | O72: 52.48 | P72: -167.736 | Q72: Nikolski, Alaska | U72: =IF(ISNUMBER(SEARCH("km",A72)),"N km direction of city","Named-region") -> N km direction of city | V72: =LOWER(M72) -> mi | X72: =YEAR(C72) -> 2022
A73: M 6.7 - 91 km SE of Nikolski, Alaska | B73: 6.7 | C73: 44572.483 | D73: 0 | E73: 4 | G73: 1 | H73: 691 | I73: pt | J73: 20 | K73: 0 | L73: 205.2 | M73: Mi | N73: 33 | O73: 52.48 | P73: -167.736 | Q73: Nikolski, Alaska | U73: =IF(ISNUMBER(SEARCH("km",A73)),"N km direction of city","Named-region") -> N km direction of city | V73: =LOWER(M73) -> mi | X73: =YEAR(C73) -> 2022
A74: M 6.8 - 100 km SE of Nikolski, Alaska | B74: 6.8 | C74: 44572.483 | D74: 7 | E74: 6 | F74: green | G74: 1 | H74: 730 | I74: us | J74: 0 | K74: 0.92 | L74: 61 | M74: mww | N74: 20 | O74: 52.6563 | P74: -167.917 | Q74: Nikolski, Alaska | U74: =IF(ISNUMBER(SEARCH("km",A74)),"N km direction of city","Named-region") -> N km direction of city | V74: =LOWER(M74) -> mww | X74: =YEAR(C74) -> 2022
A75: M 6.6 - 48 km WNW of PÃ³lis, Cyprus | B75: 6.6 | C75: 44572.047 | D75: 6 | E75: 6 | F75: green | G75: 0 | H75: 976 | I75: us | J75: 0 | K75: 1.168 | L75: 21 | M75: mww | N75: 21 | O75: 35.1456 | P75: 31.9095 | Q75: PÃ³lis, Cyprus | R75: Asia | U75: =IF(ISNUMBER(SEARCH("km",A75)),"N km direction of city","Named-region") -> N km direction of city | V75: =LOWER(M75) -> mww | X75: =YEAR(C75) -> 2022
A76: M 6.6 - northern Qinghai, China | B76: 6.6 | C76: 44568.74 | D76: 9 | E76: 8 | F76: orange | G76: 0 | H76: 1012 | I76: us | J76: 0 | K76: 2.685 | L76: 13 | M76: mww | N76: 13 | O76: 37.8167 | P76: 101.299 | Q76: northern Qinghai, China | R76: Asia | S76: People's Republic of China | U76: =IF(ISNUMBER(SEARCH("km",A76)),"N km direction of city","Named-region") -> Named-region | V76: =LOWER(M76) -> mww | X76: =YEAR(C76) -> 2022
A77: M 7.3 - 125 km NNE of Lospalos, Timor Leste | B77: 7.3 | C77: 44559.767 | D77: 8 | E77: 7 | F77: green | G77: 0 | H77: 921 | I77: us | J77: 0 | K77: 3.713 | L77: 19 | M77: mww | N77: 165.49 | O77: -7.5924 | P77: 127.581 | Q77: Lospalos, Timor Leste | S77: Indonesia | U77: =IF(ISNUMBER(SEARCH("km",A77)),"N km direction of city","Named-region") -> N km direction of city | V77: =LOWER(M77) -> mww | X77: =YEAR(C77) -> 2021
A78: M 7.3 - Flores Sea | B78: 7.3 | C78: 44544.139 | D78: 9 | E78: 5 | F78: green | G78: 1 | H78: 854 | I78: us | J78: 0 | K78: 1.025 | L78: 32 | M78: mww | N78: 14.27 | O78: -7.6033 | P78: 122.2 | Q78: Flores Sea | R78: Asia | S78: Indonesia | U78: =IF(ISNUMBER(SEARCH("km",A78)),"N km direction of city","Named-region") -> Named-region | V78: =LOWER(M78) -> mww | X78: =YEAR(C78) -> 2021
A79: M 7.5 - 43 km NNW of Barranca, Peru | B79: 7.5 | C79: 44528.453 | D79: 8 | E79: 8 | F79: yellow | G79: 1 | H79: 1094 | I79: us | J79: 0 | K79: 4.951 | L79: 40 | M79: mww | N79: 126 | O79: -4.4898 | P79: -76.8461 | Q79: Barranca, Peru | R79: South America | S79: Peru | U79: =IF(ISNUMBER(SEARCH("km",A79)),"N km direction of city","Named-region") -> N km direction of city | V79: =LOWER(M79) -> mww | X79: =YEAR(C79) -> 2021
A80: M 6.6 - 177 km SE of Hirara, Japan | B80: 6.6 | C80: 44510.656 | D80: 7 | E80: 4 | F80: green | G80: 1 | H80: 688 | I80: us | J80: 0 | K80: 3.259 | L80: 15 | M80: mww | N80: 12 | O80: 23.5414 | P80: 126.48 | Q80: Hirara, Japan | U80: =IF(ISNUMBER(SEARCH("km",A80)),"N km direction of city","Named-region") -> N km direction of city | V80: =LOWER(M80) -> mww | X80: =YEAR(C80) -> 2021
A81: M 6.9 - 112 km E of Chignik, Alaska | B81: 6.9 | C81: 44480.382 | D81: 8 | E81: 6 | F81: green | G81: 1 | H81: 995 | I81: ak | J81: 0 | K81: 0 | L81: 0 | M81: mww | N81: 51.6 | O81: 56.2581 | P81: -156.492 | Q81: Chignik, Alaska | R81: North America | S81: United States of America | U81: =IF(ISNUMBER(SEARCH("km",A81)),"N km direction of city","Named-region") -> N km direction of city | V81: =LOWER(M81) -> mww | X81: =YEAR(C81) -> 2021
A82: M 6.9 - Vanuatu region | B82: 6.9 | C82: 44478.457 | D82: 4 | E82: 3 | F82: green | G82: 1 | H82: 740 | I82: us | J82: 0 | K82: 4.778 | L82: 31 | M82: mww | N82: 535 | O82: -21.1704 | P82: 174.54 | Q82: Vanuatu region | U82: =IF(ISNUMBER(SEARCH("km",A82)),"N km direction of city","Named-region") -> Named-region | V82: =LOWER(M82) -> mww | X82: =YEAR(C82) -> 2021
A83: M 7.3 - Vanuatu region | B83: 7.3 | C83: 44471.27 | D83: 4 | E83: 4 | F83: green | G83: 1 | H83: 826 | I83: us | J83: 0 | K83: 4.493 | L83: 32 | M83: mww | N83: 527 | O83: -21.1036 | P83: 174.895 | Q83: Vanuatu region | U83: =IF(ISNUMBER(SEARCH("km",A83)),"N km direction of city","Named-region") -> Named-region | V83: =LOWER(M83) -> mww | X83: =YEAR(C83) -> 2021
A84: M 6.5 - 80 km SW of Jiquilillo, Nicaragua | B84: 6.5 | C84: 44461.415 | D84: 7 | E84: 5 | F84: green | G84: 1 | H84: 684 | I84: us | J84: 0 | K84: 0.993 | L84: 114 | M84: mww | N84: 21 | O84: 12.1598 | P84: -87.8542 | Q84: Jiquilillo, Nicaragua | U84: =IF(ISNUMBER(SEARCH("km",A84)),"N km direction of city","Named-region") -> N km direction of city | V84: =LOWER(M84) -> mww | X84: =YEAR(C84) -> 2021
A85: M 7.0 - Acapulco, Mexico | B85: 7 | C85: 44447.074 | D85: 8 | E85: 8 | F85: red | G85: 1 | H85: 2504 | I85: us | J85: 0 | K85: 0.07 | L85: 43 | M85: mww | N85: 20 | O85: 16.9502 | P85: -99.7877 | Q85: Acapulco, Mexico | R85: North America | S85: Mexico | U85: =IF(ISNUMBER(SEARCH("km",A85)),"N km direction of city","Named-region") -> Named-region | V85: =LOWER(M85) -> mww | X85: =YEAR(C85) -> 2021
A86: M 7.1 - South Sandwich Islands region | B86: 7.1 | C86: 44430.898 | D86: 1 | E86: 4 | F86: green | G86: 1 | H86: 776 | I86: us | J86: 0 | K86: 9.799 | L86: 32 | M86: mww | N86: 6 | O86: -60.3026 | P86: -24.9992 | Q86: South Sandwich Islands region | S86: Antarctica | U86: =IF(ISNUMBER(SEARCH("km",A86)),"N km direction of city","Named-region") -> Named-region | V86: =LOWER(M86) -> mww | X86: =YEAR(C86) -> 2021
A87: M 6.6 - South Sandwich Islands region | B87: 6.6 | C87: 44430.031 | D87: 1 | E87: 3 | F87: green | G87: 1 | H87: 670 | I87: us | J87: 0 | K87: 8.865 | L87: 19 | M87: mww | N87: 7 | O87: -60.1023 | P87: -24.4608 | Q87: South Sandwich Islands region | S87: Antarctica | U87: =IF(ISNUMBER(SEARCH("km",A87)),"N km direction of city","Named-region") -> Named-region | V87: =LOWER(M87) -> mww | X87: =YEAR(C87) -> 2021
A88: M 6.9 - 17 km N of Port-Olry, Vanuatu | B88: 6.9 | C88: 44426.424 | D88: 8 | E88: 7 | F88: green | G88: 1 | H88: 741 | I88: us | J88: 0 | K88: 0.579 | L88: 54 | M88: mww | N88: 93 | O88: -14.892 | P88: 167.085 | Q88: Port-Olry, Vanuatu | R88: Oceania | S88: Vanuatu | U88: =IF(ISNUMBER(SEARCH("km",A88)),"N km direction of city","Named-region") -> N km direction of city | V88: =LOWER(M88) -> mww | X88: =YEAR(C88) -> 2021
A89: M 6.9 - South Sandwich Islands region | B89: 6.9 | C89: 44424.465 | D89: 6 | E89: 4 | F89: green | G89: 1 | H89: 734 | I89: us | J89: 0 | K89: 8.363 | L89: 48 | M89: mww | N89: 16.7 | O89: -58.3814 | P89: -23.3318 | Q89: South Sandwich Islands region | U89: =IF(ISNUMBER(SEARCH("km",A89)),"N km direction of city","Named-region") -> Named-region | V89: =LOWER(M89) -> mww | X89: =YEAR(C89) -> 2021
A90: M 7.2 - Nippes, Haiti | B90: 7.2 | C90: 44422.52 | D90: 9 | E90: 8 | F90: red | G90: 1 | H90: 2331 | I90: us | J90: 0 | K90: 1.178 | L90: 23 | M90: mww | N90: 10 | O90: 18.3521 | P90: -73.4804 | Q90: Nippes, Haiti | R90: North America | S90: Haiti | U90: =IF(ISNUMBER(SEARCH("km",A90)),"N km direction of city","Named-region") -> Named-region | V90: =LOWER(M90) -> mww | X90: =YEAR(C90) -> 2021
A91: M 6.9 - 136 km SE of Perryville, Alaska | B91: 6.9 | C91: 44422.498 | D91: 5 | E91: 4 | F91: green | G91: 1 | H91: 738 | I91: ak | J91: 0 | K91: 0 | L91: 0 | M91: mww | N91: 33.3 | O91: 55.2364 | P91: -157.707 | Q91: Perryville, Alaska | U91: =IF(ISNUMBER(SEARCH("km",A91)),"N km direction of city","Named-region") -> N km direction of city | V91: =LOWER(M91) -> mww | X91: =YEAR(C91) -> 2021
A92: M 6.9 - 125 km SE of Perryville, Alaska | B92: 6.9 | C92: 44422.498 | D92: 5 | E92: 4 | F92: green | G92: 1 | H92: 738 | I92: us | J92: 0 | K92: 1.173 | L92: 36 | M92: mww | N92: 20.74 | O92: 55.2657 | P92: -157.68 | Q92: Perryville, Alaska | U92: =IF(ISNUMBER(SEARCH("km",A92)),"N km direction of city","Named-region") -> N km direction of city | V92: =LOWER(M92) -> mww | X92: =YEAR(C92) -> 2021
A93: M 8.1 - South Sandwich Islands region | B93: 8.1 | C93: 44420.774 | D93: 0 | E93: 7 | F93: green | G93: 0 | H93: 1009 | I93: us | J93: 0 | K93: 7.463 | L93: 78 | M93: mww | N93: 22.79 | O93: -58.4157 | P93: -25.3206 | Q93: South Sandwich Islands region | U93: =IF(ISNUMBER(SEARCH("km",A93)),"N km direction of city","Named-region") -> Named-region | V93: =LOWER(M93) -> mww | X93: =YEAR(C93) -> 2021
A94: M 7.5 - South Sandwich Islands region | B94: 7.5 | C94: 44420.772 | D94: 9 | E94: 6 | F94: green | G94: 1 | H94: 868 | I94: us | J94: 0 | K94: 7.227 | L94: 38 | M94: mww | N94: 47.23 | O94: -57.5959 | P94: -25.1874 | Q94: South Sandwich Islands region | U94: =IF(ISNUMBER(SEARCH("km",A94)),"N km direction of city","Named-region") -> Named-region | V94: =LOWER(M94) -> mww | X94: =YEAR(C94) -> 2021
A95: M 7.1 - 60 km ENE of Pondaguitan, Philippines | B95: 7.1 | C95: 44419.74 | D95: 9 | E95: 7 | F95: green | G95: 1 | H95: 846 | I95: us | J95: 0 | K95: 1.273 | L95: 25 | M95: mww | N95: 55.14 | O95: 6.4547 | P95: 126.742 | Q95: Pondaguitan, Philippines | U95: =IF(ISNUMBER(SEARCH("km",A95)),"N km direction of city","Named-region") -> N km direction of city | V95: =LOWER(M95) -> mww | X95: =YEAR(C95) -> 2021
A96: M 8.2 - 91 km ESE of Perryville, Alaska | B96: 8.2 | C96: 44406.26 | D96: 8 | E96: 6 | F96: green | G96: 1 | H96: 1237 | I96: us | J96: 0 | K96: 0.875 | L96: 66 | M96: mww | N96: 46.66 | O96: 55.4742 | P96: -157.917 | Q96: Perryville, Alaska | U96: =IF(ISNUMBER(SEARCH("km",A96)),"N km direction of city","Named-region") -> N km direction of city | V96: =LOWER(M96) -> mww | X96: =YEAR(C96) -> 2021
A97: M 8.2 - 99 km SE of Perryville, Alaska | B97: 8.2 | C97: 44406.26 | D97: 8 | E97: 7 | F97: yellow | G97: 1 | H97: 1252 | I97: ak | J97: 0 | K97: 0 | L97: 0 | M97: mww | N97: 35 | O97: 55.3154 | P97: -157.829 | Q97: Perryville, Alaska | U97: =IF(ISNUMBER(SEARCH("km",A97)),"N km direction of city","Named-region") -> N km direction of city | V97: =LOWER(M97) -> mww | X97: =YEAR(C97) -> 2021
A98: M 6.7 - 15 km S of Hukay, Philippines | B98: 6.7 | C98: 44400.867 | D98: 8 | E98: 5 | F98: green | G98: 1 | H98: 935 | I98: us | J98: 0 | K98: 8.139 | L98: 12 | M98: mww | N98: 110 | O98: 13.6989 | P98: 120.713 | Q98: Hukay, Philippines | R98: Asia | S98: Philippines | U98: =IF(ISNUMBER(SEARCH("km",A98)),"N km direction of city","Named-region") -> N km direction of city | V98: =LOWER(M98) -> mww | X98: =YEAR(C98) -> 2021
A99: M 6.7 - 71 km S of Burica, Panama | B99: 6.7 | C99: 44398.885 | D99: 6 | E99: 6 | F99: green | G99: 1 | H99: 830 | I99: us | J99: 0 | K99: 1.395 | L99: 61 | M99: mww | N99: 10 | O99: 7.5904 | P99: -82.8813 | Q99: Burica, Panama | U99: =IF(ISNUMBER(SEARCH("km",A99)),"N km direction of city","Named-region") -> N km direction of city | V99: =LOWER(M99) -> mww | X99: =YEAR(C99) -> 2021
A100: M 6.5 - Kermadec Islands, New Zealand | B100: 6.5 | C100: 44367.712 | D100: 0 | E100: 4 | F100: green | G100: 1 | H100: 650 | I100: us | J100: 0 | K100: 7.994 | L100: 24 | M100: mww | N100: 25 | O100: -30.2144 | P100: -177.773 | Q100: Kermadec Islands, New Zealand | U100: =IF(ISNUMBER(SEARCH("km",A100)),"N km direction of city","Named-region") -> Named-region | V100: =LOWER(M100) -> mww | X100: =YEAR(C100) -> 2021
...

Sheet Summary
A1: EARTHQUAKE DATASET SUMMARY | J1: Cell | K1: Enter | T1: Magnitude check
A2: Missing alert values | B2: 55.1% blank | C2: Replace blanks with "Unknown" or another explicit missing category; do not invent alert levels. | J2: E2 | K2: Column | T2: =ISNUMBER(VALUE(B2)) -> FALSE
A3: Number of Records | B3: =COUNTA('earthquake_1995-2023'!B:B)-1 -> 1000 | D3: magType | E3: Count | G3: Alert Level | H3: Count | J3: F2 | K3: Data Type
A4: Blank Magnitude Values | B4: =COUNTBLANK('earthquake_1995-2023'!B2:B1001) -> 0 | D4: {=_xlfn.UNIQUE('earthquake_1995-2023'!M2:M1001)} -> mww | E4: =COUNTIF('earthquake_1995-2023'!M$2:M$1001,D4) -> 502 | G4: green | H4: =COUNTIF('earthquake_1995-2023'!F$2:F$1001,G4) -> 353 | J4: E | K4: F
A5: Minimum Magnitude | B5: =MIN('earthquake_1995-2023'!B2:B1001) -> 6.5 | D5: Mi | E5: =COUNTIF('earthquake_1995-2023'!M$2:M$1001,D5) -> 5 | G5: yellow | H5: =COUNTIF('earthquake_1995-2023'!F$2:F$1001,G5) -> 59 | J5: title | K5: Text
A6: Maximum Magnitude | B6: =MAX('earthquake_1995-2023'!B2:B1001) -> 9.1 | D6: mwc | E6: =COUNTIF('earthquake_1995-2023'!M$2:M$1001,D6) -> 332 | G6: orange | H6: =COUNTIF('earthquake_1995-2023'!F$2:F$1001,G6) -> 24 | J6: magnitude | K6: Numeric
A7: Average Magnitude | B7: =AVERAGE('earthquake_1995-2023'!B2:B1001) -> 6.94015 | D7: mwb | E7: =COUNTIF('earthquake_1995-2023'!M$2:M$1001,D7) -> 100 | G7: red | H7: =COUNTIF('earthquake_1995-2023'!F$2:F$1001,G7) -> 13 | J7: date_time | K7: Datetime
A8: Minimum Depth | B8: =MIN('earthquake_1995-2023'!N2:N1001) -> 2.7 | D8: ml | E8: =COUNTIF('earthquake_1995-2023'!M$2:M$1001,D8) -> 1 | J8: cdi | K8: Numeric
A9: Maximum Depth | B9: =MAX('earthquake_1995-2023'!N2:N1001) -> 670.81 | D9: mw | E9: =COUNTIF('earthquake_1995-2023'!M$2:M$1001,D9) -> 51 | J9: mmi | K9: Numeric
A10: Average Depth | B10: =AVERAGE('earthquake_1995-2023'!N2:N1001) -> 74.612541 | D10: ms | E10: =COUNTIF('earthquake_1995-2023'!M$2:M$1001,D10) -> 3 | J10: alert | K10: Categorical
D11: mb | E11: =COUNTIF('earthquake_1995-2023'!M$2:M$1001,D11) -> 4 | J11: tsunami | K11: Categorical
D12: md | E12: =COUNTIF('earthquake_1995-2023'!M$2:M$1001,D12) -> 2 | J12: sig | K12: Numeric
J13: net | K13: Categorical
A14: Missing Value Check | J14: nst | K14: Numeric
A15: Field | B15: Blank Count | C15: Blank Percentage | J15: dmin | K15: Numeric
A16: alert | B16: =COUNTBLANK('earthquake_1995-2023'!F2:F1001) -> 551 | C16: =B16/1000 -> 0.551 | J16: gap | K16: Numeric
A17: continent | B17: =COUNTBLANK('earthquake_1995-2023'!R2:R1001) -> 716 | C17: =B17/1000 -> 0.716 | J17: magType | K17: Categorical
A18: country | B18: =COUNTBLANK('earthquake_1995-2023'!S2:S1001) -> 349 | C18: =B18/1000 -> 0.349 | J18: depth | K18: Numeric
A19: location | B19: =COUNTBLANK('earthquake_1995-2023'!Q2:Q1001) -> 6 | C19: =B19/1000 -> 0.006 | J19: latitude | K19: Numeric
J20: longitude | K20: Numeric
J21: location | K21: Text
A22: Raw date_time check | B22: =ISNUMBER('earthquake_1995-2023'!C2) -> TRUE | J22: continent | K22: Categorical
A23: Is date_time text? | B23: =ISTEXT('earthquake_1995-2023'!C2) -> FALSE | J23: country | K23: Categorical
A25: Title Pattern | B25: Count
A26: N km direction of city | B26: =COUNTIF('earthquake_1995-2023'!U2:U1001,"N km direction of city") -> 870
A27: Named-region | B27: =COUNTIF('earthquake_1995-2023'!U2:U1001,"Named-region") -> 130
A29: Duplicate Rows | B29: =COUNTIF('earthquake_1995-2023'!W2:W1001,TRUE) -> 0

Sheet Data quality Summary
A1: Data Quality Issue | B1: Evidence / Result | C1: Lab 4 Fix
A2: Missing alert values | B2: 55.1% blank | C2: Replace blanks with Unknown
A3: Missing continent values | B3: 71.6% blank | C3: Derive where possible; otherwise Unknown
A4: Missing country values | B4: 34.9% blank | C4: Derive where possible; otherwise Unknown
A5: Missing location values | B5: 0.6% blank | C5: Recover where possible; otherwise Unknown
A6: Mixed title formats | B6: 870 distance/direction, 130 named-region | C6: Handle the two formats separately
A7: Inconsistent magType casing | B7: Mi → mi | C7: Convert magType to lowercase
A8: Duplicate events | B8: 0 duplicate rows | C8: Check and remove confirmed duplicates
A9: date_time type | B9: Excel recognizes it as Date/Time | C9: Keep as true Excel datetime

Sheet Dashboard
A1: Earthquake Data Analysis Dashboard
A3: Total Earthquake Records | C3: Average Magnitude | E3: Minimum Magnitude | G3: Maximum Magnitude
A4: =COUNTA('earthquake_1995-2023'!A2:A1001) -> 1000 | C4: =AVERAGE('earthquake_1995-2023'!B2:B1001) -> 6.94015 | E4: =MIN('earthquake_1995-2023'!B2:B1001) -> 6.5 | G4: =MAX('earthquake_1995-2023'!B2:B1001) -> 9.1
A6: Average Depth | C6: Minimum Depth | E6: Maximum Depth | G6: Blank Alert %
A7: =AVERAGE('earthquake_1995-2023'!N2:N1001) -> 74.612541 | C7: =MIN('earthquake_1995-2023'!N2:N1001) -> 2.7 | E7: =MAX('earthquake_1995-2023'!N2:N1001) -> 670.81 | G7: =COUNTBLANK('earthquake_1995-2023'!F2:F1001)/COUNTA('earthquake_1995-2023'!A2:A1001) -> 0.551
A10: Row Labels | B10: Count of magType
A11: mb | B11: 4
A12: md | B12: 2
A13: Mi | B13: 5
A14: ml | B14: 1
A15: ms | B15: 3
A16: mw | B16: 51
A17: mwb | B17: 100
A18: mwc | B18: 332
A19: mww | B19: 502
A27: Row Labels | B27: Count of title
A28: green | B28: 353
A29: orange | B29: 24
A30: red | B30: 13
A31: yellow | B31: 59
A32: (blank) | B32: 551
A43: Annual Trend
